timeStamp,elapsed,label,responseCode,responseMessage,threadName,dataType,success,failureMessage,bytes,sentBytes,grpThreads,allThreads,URL,Latency,IdleTime,Connect
1710432499108,92,Get all Heroes,200,OK,Thread Group 1-12,text,true,,244,127,31,31,http://localhost:3001/characters,82,0,43
1710432499106,93,Get all Heroes,200,OK,Thread Group 1-3,text,true,,244,127,31,31,http://localhost:3001/characters,84,0,44
1710432499111,89,Get all Heroes,200,OK,Thread Group 1-21,text,true,,244,127,31,31,http://localhost:3001/characters,84,0,42
1710432499105,95,Get all Heroes,200,OK,Thread Group 1-1,text,true,,244,127,31,31,http://localhost:3001/characters,89,0,45
1710432499107,93,Get all Heroes,200,OK,Thread Group 1-13,text,true,,244,127,31,31,http://localhost:3001/characters,87,0,46
1710432499151,49,Get all Heroes,200,OK,Thread Group 1-26,text,true,,244,127,32,32,http://localhost:3001/characters,43,0,2
1710432499107,93,Get all Heroes,200,OK,Thread Group 1-14,text,true,,244,127,32,32,http://localhost:3001/characters,87,0,46
1710432499135,65,Get all Heroes,200,OK,Thread Group 1-25,text,true,,244,127,32,32,http://localhost:3001/characters,58,0,18
1710432499107,92,Get all Heroes,200,OK,Thread Group 1-2,text,true,,244,127,32,32,http://localhost:3001/characters,85,0,44
1710432499108,92,Get all Heroes,200,OK,Thread Group 1-18,text,true,,244,127,32,32,http://localhost:3001/characters,90,0,45
1710432499105,94,Get all Heroes,200,OK,Thread Group 1-5,text,true,,244,127,32,32,http://localhost:3001/characters,94,0,49
1710432499107,93,Get all Heroes,200,OK,Thread Group 1-20,text,true,,244,127,31,31,http://localhost:3001/characters,89,0,44
1710432499110,90,Get all Heroes,200,OK,Thread Group 1-10,text,true,,244,127,32,32,http://localhost:3001/characters,90,0,43
1710432499106,94,Get all Heroes,200,OK,Thread Group 1-6,text,true,,244,127,31,31,http://localhost:3001/characters,84,0,44
1710432499107,94,Get all Heroes,200,OK,Thread Group 1-9,text,true,,244,127,31,31,http://localhost:3001/characters,83,0,46
1710432499107,94,Get all Heroes,200,OK,Thread Group 1-19,text,true,,244,127,32,32,http://localhost:3001/characters,89,0,44
1710432499107,109,Get all Heroes,200,OK,Thread Group 1-8,text,true,,244,127,32,32,http://localhost:3001/characters,109,0,47
1710432499129,88,Get all Heroes,200,OK,Thread Group 1-24,text,true,,244,127,32,32,http://localhost:3001/characters,88,0,25
1710432499116,101,Get all Heroes,200,OK,Thread Group 1-23,text,true,,244,127,32,32,http://localhost:3001/characters,101,0,38
1710432499107,111,Get all Heroes,200,OK,Thread Group 1-11,text,true,,244,127,32,32,http://localhost:3001/characters,111,0,47
1710432499104,114,Get all Heroes,200,OK,Thread Group 1-15,text,true,,244,127,32,32,http://localhost:3001/characters,114,0,50
1710432499107,110,Get all Heroes,200,OK,Thread Group 1-7,text,true,,244,127,32,32,http://localhost:3001/characters,110,0,46
1710432499107,112,Get all Heroes,200,OK,Thread Group 1-16,text,true,,244,127,32,32,http://localhost:3001/characters,112,0,48
1710432499108,113,Get all Heroes,200,OK,Thread Group 1-17,text,true,,244,127,32,32,http://localhost:3001/characters,112,0,46
1710432499109,114,Get all Heroes,200,OK,Thread Group 1-22,text,true,,244,127,33,33,http://localhost:3001/characters,114,0,47
1710432499210,14,Get Hero by ID,200,OK,Thread Group 1-21,text,true,,192,129,33,33,http://localhost:3001/character/id,14,0,0
1710432499210,18,Get Hero by ID,200,OK,Thread Group 1-3,text,true,,192,129,33,33,http://localhost:3001/character/id,18,0,0
1710432499214,16,Get Hero by ID,200,OK,Thread Group 1-19,text,true,,192,129,33,33,http://localhost:3001/character/id,16,0,0
1710432499214,16,Get Hero by ID,200,OK,Thread Group 1-9,text,true,,192,129,33,33,http://localhost:3001/character/id,16,0,0
1710432499209,22,Get Hero by ID,200,OK,Thread Group 1-1,text,true,,192,129,33,33,http://localhost:3001/character/id,22,0,0
1710432499211,27,Get Hero by ID,200,OK,Thread Group 1-25,text,true,,192,129,35,35,http://localhost:3001/character/id,27,0,0
1710432499210,28,Get Hero by ID,200,OK,Thread Group 1-26,text,true,,192,129,35,35,http://localhost:3001/character/id,28,0,0
1710432499210,28,Get Hero by ID,200,OK,Thread Group 1-14,text,true,,192,129,35,35,http://localhost:3001/character/id,28,0,0
1710432499213,25,Get Hero by ID,200,OK,Thread Group 1-6,text,true,,192,129,35,35,http://localhost:3001/character/id,25,0,0
1710432499213,26,Get Hero by ID,200,OK,Thread Group 1-10,text,true,,192,129,35,35,http://localhost:3001/character/id,26,0,0
1710432499213,30,Get Hero by ID,200,OK,Thread Group 1-20,text,true,,192,129,35,35,http://localhost:3001/character/id,29,0,0
1710432499218,26,Get Hero by ID,200,OK,Thread Group 1-23,text,true,,192,129,35,35,http://localhost:3001/character/id,26,0,0
1710432499205,40,Get Hero by ID,200,OK,Thread Group 1-12,text,true,,192,129,35,35,http://localhost:3001/character/id,40,0,0
1710432499219,27,Get Hero by ID,200,OK,Thread Group 1-15,text,true,,192,129,35,35,http://localhost:3001/character/id,27,0,0
1710432499218,29,Get Hero by ID,200,OK,Thread Group 1-11,text,true,,192,129,35,35,http://localhost:3001/character/id,29,0,0
1710432499213,36,Get Hero by ID,200,OK,Thread Group 1-5,text,true,,192,129,36,36,http://localhost:3001/character/id,36,0,0
1710432499208,41,Get Hero by ID,200,OK,Thread Group 1-13,text,true,,192,129,36,36,http://localhost:3001/character/id,41,0,0
1710432499217,35,Get Hero by ID,200,OK,Thread Group 1-24,text,true,,192,129,36,36,http://localhost:3001/character/id,35,0,0
1710432499219,33,Get Hero by ID,200,OK,Thread Group 1-7,text,true,,192,129,36,36,http://localhost:3001/character/id,33,0,0
1710432499217,36,Get Hero by ID,200,OK,Thread Group 1-8,text,true,,192,129,36,36,http://localhost:3001/character/id,36,0,0
1710432499212,40,Get Hero by ID,200,OK,Thread Group 1-2,text,true,,192,129,36,36,http://localhost:3001/character/id,40,0,0
1710432499212,43,Get Hero by ID,200,OK,Thread Group 1-18,text,true,,192,129,36,36,http://localhost:3001/character/id,43,0,0
1710432499106,151,Get all Heroes,200,OK,Thread Group 1-4,text,true,,244,127,37,37,http://localhost:3001/characters,151,0,48
1710432499226,33,Create New Hero,200,OK,Thread Group 1-21,text,true,,235,230,37,37,http://localhost:3001/character,33,0,0
1710432499229,33,Create New Hero,200,OK,Thread Group 1-3,text,true,,235,230,37,37,http://localhost:3001/character,33,0,0
1710432499232,30,Create New Hero,200,OK,Thread Group 1-1,text,true,,235,230,37,37,http://localhost:3001/character,30,0,0
1710432499231,35,Create New Hero,200,OK,Thread Group 1-9,text,true,,235,230,37,37,http://localhost:3001/character,35,0,0
1710432499230,38,Create New Hero,200,OK,Thread Group 1-19,text,true,,235,230,37,37,http://localhost:3001/character,38,0,0
1710432499238,34,Create New Hero,200,OK,Thread Group 1-26,text,true,,235,230,38,38,http://localhost:3001/character,33,0,0
1710432499239,34,Create New Hero,200,OK,Thread Group 1-6,text,true,,235,230,38,38,http://localhost:3001/character,33,0,0
1710432499238,35,Create New Hero,200,OK,Thread Group 1-14,text,true,,235,230,38,38,http://localhost:3001/character,35,0,0
1710432499240,35,Create New Hero,200,OK,Thread Group 1-10,text,true,,235,230,39,39,http://localhost:3001/character,35,0,0
1710432499238,37,Create New Hero,200,OK,Thread Group 1-25,text,true,,235,231,39,39,http://localhost:3001/character,37,0,0
1710432499246,30,Create New Hero,200,OK,Thread Group 1-12,text,true,,235,230,39,39,http://localhost:3001/character,30,0,0
1710432499245,33,Create New Hero,200,OK,Thread Group 1-23,text,true,,235,230,39,39,http://localhost:3001/character,32,0,0
1710432499220,58,Get Hero by ID,200,OK,Thread Group 1-16,text,true,,192,129,39,39,http://localhost:3001/character/id,58,0,0
1710432499222,59,Get Hero by ID,200,OK,Thread Group 1-17,text,true,,192,129,39,39,http://localhost:3001/character/id,59,0,0
1710432499225,56,Get Hero by ID,200,OK,Thread Group 1-22,text,true,,192,129,39,39,http://localhost:3001/character/id,56,0,0
1710432499263,22,Change Hero,200,OK,Thread Group 1-3,,true,,145,232,40,40,http://localhost:3001/character/id,22,0,0
1710432499259,26,Change Hero,200,OK,Thread Group 1-21,,true,,145,232,40,40,http://localhost:3001/character/id,26,0,0
1710432499186,102,Get all Heroes,200,OK,Thread Group 1-30,text,true,,281,127,40,40,http://localhost:3001/characters,101,0,4
1710432499268,22,Change Hero,200,OK,Thread Group 1-19,,true,,145,232,40,40,http://localhost:3001/character/id,22,0,0
1710432499268,22,Change Hero,200,OK,Thread Group 1-9,,true,,145,233,40,40,http://localhost:3001/character/id,22,0,0
1710432499263,27,Change Hero,200,OK,Thread Group 1-1,,true,,145,232,40,40,http://localhost:3001/character/id,27,0,0
1710432499273,20,Change Hero,200,OK,Thread Group 1-26,,true,,145,232,40,40,http://localhost:3001/character/id,20,0,0
1710432499273,22,Change Hero,200,OK,Thread Group 1-6,,true,,145,232,40,40,http://localhost:3001/character/id,22,0,0
1710432499273,26,Change Hero,200,OK,Thread Group 1-14,,true,,145,232,41,41,http://localhost:3001/character/id,26,0,0
1710432499276,29,Change Hero,200,OK,Thread Group 1-12,,true,,145,232,41,41,http://localhost:3001/character/id,29,0,0
1710432499275,29,Change Hero,200,OK,Thread Group 1-10,,true,,145,232,41,41,http://localhost:3001/character/id,29,0,0
1710432499276,29,Change Hero,200,OK,Thread Group 1-25,,true,,145,232,41,41,http://localhost:3001/character/id,29,0,0
1710432499278,27,Change Hero,200,OK,Thread Group 1-23,,true,,145,232,41,41,http://localhost:3001/character/id,27,0,0
1710432499279,33,Create New Hero,200,OK,Thread Group 1-16,text,true,,235,230,42,42,http://localhost:3001/character,33,0,0
1710432499249,64,Create New Hero,200,OK,Thread Group 1-13,text,true,,235,230,42,42,http://localhost:3001/character,64,0,0
1710432499247,67,Create New Hero,200,OK,Thread Group 1-15,text,true,,235,230,42,42,http://localhost:3001/character,67,0,0
1710432499247,76,Create New Hero,200,OK,Thread Group 1-11,text,true,,235,230,43,43,http://localhost:3001/character,76,0,0
1710432499244,80,Create New Hero,200,OK,Thread Group 1-20,text,true,,235,230,43,43,http://localhost:3001/character,80,0,0
1710432499253,71,Create New Hero,200,OK,Thread Group 1-8,text,true,,235,230,43,43,http://localhost:3001/character,71,0,0
1710432499249,75,Create New Hero,200,OK,Thread Group 1-5,text,true,,235,231,43,43,http://localhost:3001/character,75,0,0
1710432499253,72,Create New Hero,200,OK,Thread Group 1-24,text,true,,235,230,43,43,http://localhost:3001/character,72,0,0
1710432499255,79,Create New Hero,200,OK,Thread Group 1-2,text,true,,235,230,44,44,http://localhost:3001/character,79,0,0
1710432499259,75,Get Hero by ID,200,OK,Thread Group 1-4,text,true,,192,129,44,44,http://localhost:3001/character/id,75,0,0
1710432499157,177,Get all Heroes,200,OK,Thread Group 1-27,text,true,,314,127,44,44,http://localhost:3001/characters,177,0,6
1710432499255,79,Create New Hero,200,OK,Thread Group 1-18,text,true,,235,230,44,44,http://localhost:3001/character,79,0,0
1710432499253,84,Create New Hero,200,OK,Thread Group 1-7,text,true,,235,230,44,44,http://localhost:3001/character,84,0,0
1710432499286,56,Delete Hero,200,OK,Thread Group 1-21,text,true,,249,215,45,45,http://localhost:3001/character/id,56,0,0
1710432499290,58,Delete Hero,200,OK,Thread Group 1-9,text,true,,249,215,45,45,http://localhost:3001/character/id,58,0,0
1710432499286,62,Delete Hero,200,OK,Thread Group 1-3,text,true,,249,215,45,45,http://localhost:3001/character/id,62,0,0
1710432499291,58,Delete Hero,200,OK,Thread Group 1-1,text,true,,249,215,45,45,http://localhost:3001/character/id,58,0,0
1710432499290,61,Delete Hero,200,OK,Thread Group 1-19,text,true,,249,215,42,42,http://localhost:3001/character/id,61,0,0
1710432499294,59,Delete Hero,200,OK,Thread Group 1-26,text,true,,249,215,41,41,http://localhost:3001/character/id,59,0,0
1710432499296,63,Delete Hero,200,OK,Thread Group 1-6,text,true,,249,215,41,41,http://localhost:3001/character/id,63,0,0
1710432499299,63,Delete Hero,200,OK,Thread Group 1-14,text,true,,249,215,40,40,http://localhost:3001/character/id,63,0,0
1710432499305,57,Delete Hero,200,OK,Thread Group 1-25,text,true,,249,215,40,40,http://localhost:3001/character/id,57,0,0
1710432499305,59,Delete Hero,200,OK,Thread Group 1-10,text,true,,249,215,38,38,http://localhost:3001/character/id,59,0,0
1710432499305,60,Delete Hero,200,OK,Thread Group 1-12,text,true,,249,215,38,38,http://localhost:3001/character/id,60,0,0
1710432499306,61,Delete Hero,200,OK,Thread Group 1-23,text,true,,249,215,36,36,http://localhost:3001/character/id,61,0,0
1710432499314,53,Change Hero,200,OK,Thread Group 1-13,,true,,145,233,36,36,http://localhost:3001/character/id,53,0,0
1710432499313,55,Change Hero,200,OK,Thread Group 1-16,,true,,145,232,35,35,http://localhost:3001/character/id,55,0,0
1710432499314,57,Change Hero,200,OK,Thread Group 1-15,,true,,145,232,36,36,http://localhost:3001/character/id,57,0,0
1710432499326,49,Change Hero,200,OK,Thread Group 1-5,,true,,145,232,36,36,http://localhost:3001/character/id,49,0,0
1710432499324,56,Change Hero,200,OK,Thread Group 1-11,,true,,145,232,37,37,http://localhost:3001/character/id,56,0,0
1710432499324,58,Change Hero,200,OK,Thread Group 1-20,,true,,145,232,37,37,http://localhost:3001/character/id,58,0,0
1710432499326,58,Change Hero,200,OK,Thread Group 1-24,,true,,145,232,37,37,http://localhost:3001/character/id,58,0,0
1710432499324,60,Change Hero,200,OK,Thread Group 1-8,,true,,145,232,37,37,http://localhost:3001/character/id,60,0,0
1710432499335,50,Change Hero,200,OK,Thread Group 1-18,,true,,145,232,37,37,http://localhost:3001/character/id,50,0,0
1710432499334,54,Create New Hero,200,OK,Thread Group 1-4,text,true,,235,231,38,38,http://localhost:3001/character,54,0,0
1710432499335,56,Get Hero by ID,200,OK,Thread Group 1-27,text,true,,192,129,38,38,http://localhost:3001/character/id,56,0,0
1710432499281,110,Create New Hero,200,OK,Thread Group 1-17,text,true,,235,230,38,38,http://localhost:3001/character,110,0,0
1710432499281,120,Create New Hero,200,OK,Thread Group 1-22,text,true,,235,230,39,39,http://localhost:3001/character,120,0,0
1710432499288,113,Get Hero by ID,200,OK,Thread Group 1-30,text,true,,192,129,39,39,http://localhost:3001/character/id,113,0,0
1710432499195,207,Get all Heroes,200,OK,Thread Group 1-31,text,true,,287,127,39,39,http://localhost:3001/characters,207,0,2
1710432499369,33,Delete Hero,200,OK,Thread Group 1-16,text,true,,249,215,39,39,http://localhost:3001/character/id,33,0,0
1710432499368,38,Delete Hero,200,OK,Thread Group 1-13,text,true,,249,215,39,39,http://localhost:3001/character/id,38,0,0
1710432499371,37,Delete Hero,200,OK,Thread Group 1-15,text,true,,249,215,38,38,http://localhost:3001/character/id,37,0,0
1710432499376,37,Delete Hero,200,OK,Thread Group 1-5,text,true,,249,215,37,37,http://localhost:3001/character/id,37,0,0
1710432499380,36,Delete Hero,200,OK,Thread Group 1-11,text,true,,249,215,37,37,http://localhost:3001/character/id,36,0,0
1710432499382,35,Delete Hero,200,OK,Thread Group 1-20,text,true,,249,215,36,36,http://localhost:3001/character/id,35,0,0
1710432499385,34,Delete Hero,200,OK,Thread Group 1-8,text,true,,249,215,35,35,http://localhost:3001/character/id,34,0,0
1710432499385,38,Delete Hero,200,OK,Thread Group 1-24,text,true,,249,215,34,34,http://localhost:3001/character/id,38,0,0
1710432499387,39,Delete Hero,200,OK,Thread Group 1-18,text,true,,249,215,34,34,http://localhost:3001/character/id,39,0,0
1710432499389,40,Change Hero,200,OK,Thread Group 1-4,,true,,145,232,33,33,http://localhost:3001/character/id,40,0,0
1710432499392,45,Create New Hero,200,OK,Thread Group 1-27,text,true,,235,230,34,34,http://localhost:3001/character,45,0,0
1710432499392,47,Change Hero,200,OK,Thread Group 1-17,,true,,145,232,34,34,http://localhost:3001/character/id,47,0,0
1710432499336,105,Change Hero,200,OK,Thread Group 1-2,,true,,145,233,34,34,http://localhost:3001/character/id,105,0,0
1710432499338,104,Change Hero,200,OK,Thread Group 1-7,,true,,145,232,34,34,http://localhost:3001/character/id,104,0,0
1710432499170,274,Get all Heroes,200,OK,Thread Group 1-28,text,true,,263,127,34,34,http://localhost:3001/characters,274,0,4
1710432499429,22,Delete Hero,200,OK,Thread Group 1-4,text,true,,249,215,35,35,http://localhost:3001/character/id,22,0,0
1710432499437,16,Change Hero,200,OK,Thread Group 1-27,,true,,145,232,34,34,http://localhost:3001/character/id,16,0,0
1710432499440,17,Delete Hero,200,OK,Thread Group 1-17,text,true,,249,215,35,35,http://localhost:3001/character/id,16,0,0
1710432499441,18,Delete Hero,200,OK,Thread Group 1-2,text,true,,249,215,34,34,http://localhost:3001/character/id,18,0,0
1710432499443,18,Delete Hero,200,OK,Thread Group 1-7,text,true,,249,215,33,33,http://localhost:3001/character/id,17,0,0
1710432499402,60,Change Hero,200,OK,Thread Group 1-22,,true,,145,232,32,32,http://localhost:3001/character/id,60,0,0
1710432499402,61,Get Hero by ID,200,OK,Thread Group 1-31,text,true,,192,129,32,32,http://localhost:3001/character/id,61,0,0
1710432499402,63,Create New Hero,200,OK,Thread Group 1-30,text,true,,235,231,33,33,http://localhost:3001/character,63,0,0
1710432499179,290,Get all Heroes,200,OK,Thread Group 1-29,text,true,,254,127,33,33,http://localhost:3001/characters,290,0,5
1710432499453,25,Delete Hero,200,OK,Thread Group 1-27,text,true,,249,215,34,34,http://localhost:3001/character/id,25,0,0
1710432499462,19,Delete Hero,200,OK,Thread Group 1-22,text,true,,249,215,33,33,http://localhost:3001/character/id,19,0,0
1710432499463,18,Create New Hero,200,OK,Thread Group 1-31,text,true,,235,230,33,33,http://localhost:3001/character,18,0,0
1710432499465,17,Change Hero,200,OK,Thread Group 1-30,,true,,145,232,32,32,http://localhost:3001/character/id,17,0,0
1710432499445,39,Get Hero by ID,200,OK,Thread Group 1-28,text,true,,192,129,32,32,http://localhost:3001/character/id,39,0,0
1710432499207,282,Get all Heroes,200,OK,Thread Group 1-32,text,true,,251,127,33,33,http://localhost:3001/characters,282,0,2
1710432499482,9,Change Hero,200,OK,Thread Group 1-31,,true,,145,232,33,33,http://localhost:3001/character/id,9,0,0
1710432499469,24,Get Hero by ID,200,OK,Thread Group 1-29,text,true,,192,129,33,33,http://localhost:3001/character/id,24,0,0
1710432499225,270,Get all Heroes,200,OK,Thread Group 1-33,text,true,,251,127,33,33,http://localhost:3001/characters,270,0,1
1710432499483,16,Delete Hero,200,OK,Thread Group 1-30,text,true,,249,215,34,34,http://localhost:3001/character/id,16,0,0
1710432499485,16,Create New Hero,200,OK,Thread Group 1-28,text,true,,235,230,33,33,http://localhost:3001/character,16,0,0
1710432499489,15,Get Hero by ID,200,OK,Thread Group 1-32,text,true,,192,129,33,33,http://localhost:3001/character/id,15,0,0
1710432499234,272,Get all Heroes,200,OK,Thread Group 1-34,text,true,,251,127,34,34,http://localhost:3001/characters,271,0,1
1710432499501,8,Change Hero,200,OK,Thread Group 1-28,,true,,145,233,34,34,http://localhost:3001/character/id,8,0,0
1710432499492,20,Delete Hero,200,OK,Thread Group 1-31,text,true,,249,215,34,34,http://localhost:3001/character/id,20,0,0
1710432499493,25,Create New Hero,200,OK,Thread Group 1-29,text,true,,235,230,34,34,http://localhost:3001/character,25,0,0
1710432499496,26,Get Hero by ID,200,OK,Thread Group 1-33,text,true,,192,129,34,34,http://localhost:3001/character/id,26,0,0
1710432499234,289,Get all Heroes,200,OK,Thread Group 1-35,text,true,,251,127,34,34,http://localhost:3001/characters,289,0,1
1710432499509,16,Delete Hero,200,OK,Thread Group 1-28,text,true,,249,215,35,35,http://localhost:3001/character/id,16,0,0
1710432499519,7,Change Hero,200,OK,Thread Group 1-29,,true,,145,232,34,34,http://localhost:3001/character/id,7,0,0
1710432499504,25,Create New Hero,200,OK,Thread Group 1-32,text,true,,235,231,34,34,http://localhost:3001/character,24,0,0
1710432499506,25,Get Hero by ID,200,OK,Thread Group 1-34,text,true,,192,129,34,34,http://localhost:3001/character/id,25,0,0
1710432499249,283,Get all Heroes,200,OK,Thread Group 1-36,text,true,,251,127,34,34,http://localhost:3001/characters,283,0,2
1710432499527,9,Delete Hero,200,OK,Thread Group 1-29,text,true,,249,215,35,35,http://localhost:3001/character/id,9,0,0
1710432499529,7,Change Hero,200,OK,Thread Group 1-32,,true,,145,233,35,35,http://localhost:3001/character/id,7,0,0
1710432499522,15,Create New Hero,200,OK,Thread Group 1-33,text,true,,235,230,35,35,http://localhost:3001/character,15,0,0
1710432499523,18,Get Hero by ID,200,OK,Thread Group 1-35,text,true,,192,129,34,34,http://localhost:3001/character/id,18,0,0
1710432499261,280,Get all Heroes,200,OK,Thread Group 1-37,text,true,,251,127,34,34,http://localhost:3001/characters,280,0,4
1710432499537,13,Delete Hero,200,OK,Thread Group 1-32,text,true,,249,215,35,35,http://localhost:3001/character/id,13,0,0
1710432499537,14,Change Hero,200,OK,Thread Group 1-33,,true,,145,232,35,35,http://localhost:3001/character/id,14,0,0
1710432499542,11,Create New Hero,200,OK,Thread Group 1-35,text,true,,235,231,34,34,http://localhost:3001/character,11,0,0
1710432499542,13,Get Hero by ID,200,OK,Thread Group 1-37,text,true,,192,129,35,35,http://localhost:3001/character/id,13,0,0
1710432499532,26,Create New Hero,200,OK,Thread Group 1-34,text,true,,235,230,35,35,http://localhost:3001/character,26,0,0
1710432499533,25,Get Hero by ID,200,OK,Thread Group 1-36,text,true,,192,129,35,35,http://localhost:3001/character/id,25,0,0
1710432499552,10,Delete Hero,200,OK,Thread Group 1-33,text,true,,249,215,35,35,http://localhost:3001/character/id,10,0,0
1710432499270,292,Get all Heroes,200,OK,Thread Group 1-38,text,true,,254,127,35,35,http://localhost:3001/characters,292,0,2
1710432499554,12,Change Hero,200,OK,Thread Group 1-35,,true,,145,232,35,35,http://localhost:3001/character/id,12,0,0
1710432499555,11,Create New Hero,200,OK,Thread Group 1-37,text,true,,235,231,35,35,http://localhost:3001/character,11,0,0
1710432499275,293,Get all Heroes,200,OK,Thread Group 1-39,text,true,,254,127,35,35,http://localhost:3001/characters,293,0,2
1710432499566,6,Delete Hero,200,OK,Thread Group 1-35,text,true,,249,215,35,35,http://localhost:3001/character/id,6,0,0
1710432499567,6,Change Hero,200,OK,Thread Group 1-37,,true,,145,233,35,35,http://localhost:3001/character/id,6,0,0
1710432499560,14,Change Hero,200,OK,Thread Group 1-34,,true,,145,232,34,34,http://localhost:3001/character/id,14,0,0
1710432499560,15,Create New Hero,200,OK,Thread Group 1-36,text,true,,235,231,34,34,http://localhost:3001/character,15,0,0
1710432499563,13,Get Hero by ID,200,OK,Thread Group 1-38,text,true,,192,129,35,35,http://localhost:3001/character/id,13,0,0
1710432499286,292,Get all Heroes,200,OK,Thread Group 1-40,text,true,,254,127,35,35,http://localhost:3001/characters,292,0,2
1710432499573,9,Delete Hero,200,OK,Thread Group 1-37,text,true,,249,215,35,35,http://localhost:3001/character/id,9,0,0
1710432499575,8,Delete Hero,200,OK,Thread Group 1-34,text,true,,249,215,34,34,http://localhost:3001/character/id,8,0,0
1710432499576,10,Change Hero,200,OK,Thread Group 1-36,,true,,145,232,34,34,http://localhost:3001/character/id,10,0,0
1710432499569,19,Get Hero by ID,200,OK,Thread Group 1-39,text,true,,192,129,34,34,http://localhost:3001/character/id,19,0,0
1710432499298,291,Get all Heroes,200,OK,Thread Group 1-41,text,true,,247,127,34,34,http://localhost:3001/characters,291,0,2
1710432499577,14,Create New Hero,200,OK,Thread Group 1-38,text,true,,235,231,34,34,http://localhost:3001/character,14,0,0
1710432499578,14,Get Hero by ID,200,OK,Thread Group 1-40,text,true,,192,129,34,34,http://localhost:3001/character/id,14,0,0
1710432499312,282,Get all Heroes,200,OK,Thread Group 1-42,text,true,,251,127,34,34,http://localhost:3001/characters,282,0,2
1710432499592,3,Change Hero,200,OK,Thread Group 1-38,,true,,145,232,35,35,http://localhost:3001/character/id,3,0,0
1710432499587,10,Delete Hero,200,OK,Thread Group 1-36,text,true,,249,215,35,35,http://localhost:3001/character/id,10,0,0
1710432499588,12,Create New Hero,200,OK,Thread Group 1-39,text,true,,235,230,34,34,http://localhost:3001/character,12,0,0
1710432499590,13,Get Hero by ID,200,OK,Thread Group 1-41,text,true,,192,129,34,34,http://localhost:3001/character/id,13,0,0
1710432499316,289,Get all Heroes,200,OK,Thread Group 1-43,text,true,,251,127,34,34,http://localhost:3001/characters,289,0,2
1710432499595,12,Delete Hero,200,OK,Thread Group 1-38,text,true,,249,215,35,35,http://localhost:3001/character/id,12,0,0
1710432499601,7,Change Hero,200,OK,Thread Group 1-39,,true,,145,232,34,34,http://localhost:3001/character/id,7,0,0
1710432499603,7,Create New Hero,200,OK,Thread Group 1-41,text,true,,235,230,34,34,http://localhost:3001/character,7,0,0
1710432499592,19,Create New Hero,200,OK,Thread Group 1-40,text,true,,235,231,34,34,http://localhost:3001/character,19,0,0
1710432499594,19,Get Hero by ID,200,OK,Thread Group 1-42,text,true,,192,129,34,34,http://localhost:3001/character/id,19,0,0
1710432499329,284,Get all Heroes,200,OK,Thread Group 1-44,text,true,,254,127,34,34,http://localhost:3001/characters,284,0,1
1710432499606,8,Get Hero by ID,200,OK,Thread Group 1-43,text,true,,192,129,34,34,http://localhost:3001/character/id,8,0,0
1710432499609,5,Delete Hero,200,OK,Thread Group 1-39,text,true,,249,215,34,34,http://localhost:3001/character/id,5,0,0
1710432499611,6,Change Hero,200,OK,Thread Group 1-40,,true,,145,232,34,34,http://localhost:3001/character/id,6,0,0
1710432499342,275,Get all Heroes,200,OK,Thread Group 1-45,text,true,,251,127,34,34,http://localhost:3001/characters,275,0,2
1710432499611,8,Change Hero,200,OK,Thread Group 1-41,,true,,145,232,34,34,http://localhost:3001/character/id,8,0,0
1710432499353,270,Get all Heroes,200,OK,Thread Group 1-46,text,true,,251,127,34,34,http://localhost:3001/characters,270,0,2
1710432499613,14,Create New Hero,200,OK,Thread Group 1-42,text,true,,235,230,35,35,http://localhost:3001/character,14,0,0
1710432499615,15,Create New Hero,200,OK,Thread Group 1-43,text,true,,235,231,35,35,http://localhost:3001/character,14,0,0
1710432499614,19,Get Hero by ID,200,OK,Thread Group 1-44,text,true,,192,129,35,35,http://localhost:3001/character/id,19,0,0
1710432499630,8,Change Hero,200,OK,Thread Group 1-43,,true,,145,232,36,36,http://localhost:3001/character/id,8,0,0
1710432499357,281,Get all Heroes,200,OK,Thread Group 1-47,text,true,,257,127,36,36,http://localhost:3001/characters,281,0,1
1710432499628,12,Change Hero,200,OK,Thread Group 1-42,,true,,145,232,36,36,http://localhost:3001/character/id,12,0,0
1710432499617,24,Delete Hero,200,OK,Thread Group 1-40,text,true,,249,215,36,36,http://localhost:3001/character/id,24,0,0
1710432499620,21,Delete Hero,200,OK,Thread Group 1-41,text,true,,249,215,36,36,http://localhost:3001/character/id,21,0,0
1710432499618,23,Get Hero by ID,200,OK,Thread Group 1-45,text,true,,192,129,36,36,http://localhost:3001/character/id,23,0,0
1710432499623,22,Get Hero by ID,200,OK,Thread Group 1-46,text,true,,192,129,34,34,http://localhost:3001/character/id,22,0,0
1710432499371,275,Get all Heroes,200,OK,Thread Group 1-48,text,true,,251,127,34,34,http://localhost:3001/characters,275,0,1
1710432499640,9,Delete Hero,200,OK,Thread Group 1-42,text,true,,249,215,34,34,http://localhost:3001/character/id,8,0,0
1710432499639,11,Delete Hero,200,OK,Thread Group 1-43,text,true,,249,215,33,33,http://localhost:3001/character/id,11,0,0
1710432499642,10,Create New Hero,200,OK,Thread Group 1-45,text,true,,235,230,32,32,http://localhost:3001/character,10,0,0
1710432499633,21,Create New Hero,200,OK,Thread Group 1-44,text,true,,235,230,32,32,http://localhost:3001/character,21,0,0
1710432499639,17,Get Hero by ID,200,OK,Thread Group 1-47,text,true,,192,129,32,32,http://localhost:3001/character/id,17,0,0
1710432499378,280,Get all Heroes,200,OK,Thread Group 1-49,text,true,,251,127,32,32,http://localhost:3001/characters,280,0,4
1710432499653,5,Change Hero,200,OK,Thread Group 1-45,,true,,145,232,32,32,http://localhost:3001/character/id,5,0,0
1710432499645,13,Create New Hero,200,OK,Thread Group 1-46,text,true,,235,230,32,32,http://localhost:3001/character,13,0,0
1710432499646,14,Get Hero by ID,200,OK,Thread Group 1-48,text,true,,192,129,32,32,http://localhost:3001/character/id,14,0,0
1710432499389,273,Get all Heroes,200,OK,Thread Group 1-50,text,true,,254,127,32,32,http://localhost:3001/characters,273,0,3
1710432499659,11,Change Hero,200,OK,Thread Group 1-46,,true,,145,232,33,33,http://localhost:3001/character/id,11,0,0
1710432499659,11,Delete Hero,200,OK,Thread Group 1-45,text,true,,249,215,33,33,http://localhost:3001/character/id,11,0,0
1710432499662,15,Get Hero by ID,200,OK,Thread Group 1-50,text,true,,192,129,34,34,http://localhost:3001/character/id,15,0,0
1710432499656,21,Create New Hero,200,OK,Thread Group 1-47,text,true,,235,230,34,34,http://localhost:3001/character,21,0,0
1710432499661,16,Create New Hero,200,OK,Thread Group 1-48,text,true,,235,231,34,34,http://localhost:3001/character,16,0,0
1710432499658,19,Get Hero by ID,200,OK,Thread Group 1-49,text,true,,192,129,34,34,http://localhost:3001/character/id,19,0,0
1710432499654,23,Change Hero,200,OK,Thread Group 1-44,,true,,145,232,34,34,http://localhost:3001/character/id,23,0,0
1710432499395,283,Get all Heroes,200,OK,Thread Group 1-51,text,true,,257,127,34,34,http://localhost:3001/characters,283,0,2
1710432499405,278,Get all Heroes,200,OK,Thread Group 1-52,text,true,,257,127,35,35,http://localhost:3001/characters,278,0,2
1710432499677,10,Create New Hero,200,OK,Thread Group 1-50,text,true,,235,230,35,35,http://localhost:3001/character,10,0,0
1710432499677,13,Delete Hero,200,OK,Thread Group 1-44,text,true,,249,215,35,35,http://localhost:3001/character/id,13,0,0
1710432499678,12,Get Hero by ID,200,OK,Thread Group 1-51,text,true,,192,129,35,35,http://localhost:3001/character/id,12,0,0
1710432499671,21,Delete Hero,200,OK,Thread Group 1-46,text,true,,249,215,34,34,http://localhost:3001/character/id,21,0,0
1710432499677,16,Change Hero,200,OK,Thread Group 1-48,,true,,145,233,34,34,http://localhost:3001/character/id,16,0,0
1710432499677,16,Change Hero,200,OK,Thread Group 1-47,,true,,145,232,34,34,http://localhost:3001/character/id,16,0,0
1710432499677,18,Create New Hero,200,OK,Thread Group 1-49,text,true,,235,230,33,33,http://localhost:3001/character,18,0,0
1710432499415,280,Get all Heroes,200,OK,Thread Group 1-53,text,true,,257,127,33,33,http://localhost:3001/characters,280,0,2
1710432499688,12,Change Hero,200,OK,Thread Group 1-50,,true,,145,233,33,33,http://localhost:3001/character/id,12,0,0
1710432499691,11,Create New Hero,200,OK,Thread Group 1-51,text,true,,235,230,34,34,http://localhost:3001/character,11,0,0
1710432499684,25,Get Hero by ID,200,OK,Thread Group 1-52,text,true,,192,129,35,35,http://localhost:3001/character/id,25,0,0
1710432499426,283,Get all Heroes,200,OK,Thread Group 1-54,text,true,,260,127,35,35,http://localhost:3001/characters,283,0,2
1710432499701,10,Delete Hero,200,OK,Thread Group 1-50,text,true,,249,215,35,35,http://localhost:3001/character/id,10,0,0
1710432499703,11,Change Hero,200,OK,Thread Group 1-51,,true,,145,232,35,35,http://localhost:3001/character/id,11,0,0
1710432499693,21,Delete Hero,200,OK,Thread Group 1-48,text,true,,249,215,35,35,http://localhost:3001/character/id,21,0,0
1710432499693,21,Delete Hero,200,OK,Thread Group 1-47,text,true,,249,215,35,35,http://localhost:3001/character/id,21,0,0
1710432499695,24,Change Hero,200,OK,Thread Group 1-49,,true,,145,232,34,34,http://localhost:3001/character/id,24,0,0
1710432499696,25,Get Hero by ID,200,OK,Thread Group 1-53,text,true,,192,129,34,34,http://localhost:3001/character/id,25,0,0
1710432499435,288,Get all Heroes,200,OK,Thread Group 1-55,text,true,,251,127,34,34,http://localhost:3001/characters,288,0,2
1710432499714,10,Delete Hero,200,OK,Thread Group 1-51,text,true,,249,215,34,34,http://localhost:3001/character/id,10,0,0
1710432499720,7,Delete Hero,200,OK,Thread Group 1-49,text,true,,249,215,33,33,http://localhost:3001/character/id,7,0,0
1710432499709,18,Create New Hero,200,OK,Thread Group 1-52,text,true,,235,230,33,33,http://localhost:3001/character,18,0,0
1710432499712,16,Get Hero by ID,200,OK,Thread Group 1-54,text,true,,192,129,32,32,http://localhost:3001/character/id,16,0,0
1710432499448,282,Get all Heroes,200,OK,Thread Group 1-56,text,true,,247,127,32,32,http://localhost:3001/characters,282,0,1
1710432499728,5,Change Hero,200,OK,Thread Group 1-52,,true,,145,233,32,32,http://localhost:3001/character/id,5,0,0
1710432499729,5,Create New Hero,200,OK,Thread Group 1-54,text,true,,235,231,32,32,http://localhost:3001/character,5,0,0
1710432499721,15,Create New Hero,200,OK,Thread Group 1-53,text,true,,235,230,32,32,http://localhost:3001/character,15,0,0
1710432499723,14,Get Hero by ID,200,OK,Thread Group 1-55,text,true,,192,129,32,32,http://localhost:3001/character/id,14,0,0
1710432499455,283,Get all Heroes,200,OK,Thread Group 1-57,text,true,,254,127,32,32,http://localhost:3001/characters,283,0,1
1710432499733,8,Delete Hero,200,OK,Thread Group 1-52,text,true,,249,215,32,32,http://localhost:3001/character/id,8,0,0
1710432499735,7,Change Hero,200,OK,Thread Group 1-54,,true,,145,232,32,32,http://localhost:3001/character/id,7,0,0
1710432499737,6,Change Hero,200,OK,Thread Group 1-53,,true,,145,232,31,31,http://localhost:3001/character/id,6,0,0
1710432499737,7,Create New Hero,200,OK,Thread Group 1-55,text,true,,235,230,31,31,http://localhost:3001/character,7,0,0
1710432499730,15,Get Hero by ID,200,OK,Thread Group 1-56,text,true,,192,129,32,32,http://localhost:3001/character/id,15,0,0
1710432499742,8,Delete Hero,200,OK,Thread Group 1-54,text,true,,249,215,32,32,http://localhost:3001/character/id,8,0,0
1710432499476,275,Get all Heroes,200,OK,Thread Group 1-59,text,true,,251,127,33,33,http://localhost:3001/characters,275,0,3
1710432499466,286,Get all Heroes,200,OK,Thread Group 1-58,text,true,,254,127,32,32,http://localhost:3001/characters,286,0,1
1710432499739,15,Get Hero by ID,200,OK,Thread Group 1-57,text,true,,192,129,33,33,http://localhost:3001/character/id,15,0,0
1710432499744,16,Delete Hero,200,OK,Thread Group 1-53,text,true,,249,215,33,33,http://localhost:3001/character/id,16,0,0
1710432499486,275,Get all Heroes,200,OK,Thread Group 1-60,text,true,,247,127,34,34,http://localhost:3001/characters,275,0,1
1710432499746,17,Create New Hero,200,OK,Thread Group 1-56,text,true,,235,231,33,33,http://localhost:3001/character,17,0,0
1710432499744,20,Change Hero,200,OK,Thread Group 1-55,,true,,145,232,33,33,http://localhost:3001/character/id,20,0,0
1710432499751,15,Get Hero by ID,200,OK,Thread Group 1-59,text,true,,192,129,33,33,http://localhost:3001/character/id,15,0,0
1710432499754,13,Get Hero by ID,200,OK,Thread Group 1-58,text,true,,192,129,33,33,http://localhost:3001/character/id,13,0,0
1710432499754,14,Create New Hero,200,OK,Thread Group 1-57,text,true,,235,230,33,33,http://localhost:3001/character,14,0,0
1710432499496,274,Get all Heroes,200,OK,Thread Group 1-61,text,true,,254,127,33,33,http://localhost:3001/characters,274,0,2
1710432499763,9,Change Hero,200,OK,Thread Group 1-56,,true,,145,233,33,33,http://localhost:3001/character/id,9,0,0
1710432499764,9,Delete Hero,200,OK,Thread Group 1-55,text,true,,249,215,33,33,http://localhost:3001/character/id,9,0,0
1710432499767,8,Create New Hero,200,OK,Thread Group 1-59,text,true,,235,230,32,32,http://localhost:3001/character,8,0,0
1710432499767,9,Create New Hero,200,OK,Thread Group 1-58,text,true,,235,230,32,32,http://localhost:3001/character,9,0,0
1710432499768,10,Change Hero,200,OK,Thread Group 1-57,,true,,145,232,32,32,http://localhost:3001/character/id,10,0,0
1710432499761,17,Get Hero by ID,200,OK,Thread Group 1-60,text,true,,192,129,32,32,http://localhost:3001/character/id,17,0,0
1710432499506,274,Get all Heroes,200,OK,Thread Group 1-62,text,true,,257,127,32,32,http://localhost:3001/characters,274,0,1
1710432499772,10,Delete Hero,200,OK,Thread Group 1-56,text,true,,249,215,32,32,http://localhost:3001/character/id,10,0,0
1710432499775,8,Change Hero,200,OK,Thread Group 1-59,,true,,145,232,32,32,http://localhost:3001/character/id,8,0,0
1710432499777,7,Change Hero,200,OK,Thread Group 1-58,,true,,145,232,31,31,http://localhost:3001/character/id,7,0,0
1710432499778,8,Delete Hero,200,OK,Thread Group 1-57,text,true,,249,215,32,32,http://localhost:3001/character/id,8,0,0
1710432499770,16,Get Hero by ID,200,OK,Thread Group 1-61,text,true,,192,129,32,32,http://localhost:3001/character/id,16,0,0
1710432499516,273,Get all Heroes,200,OK,Thread Group 1-63,text,true,,251,127,31,31,http://localhost:3001/characters,273,0,1
1710432499783,11,Delete Hero,200,OK,Thread Group 1-59,text,true,,249,215,32,32,http://localhost:3001/character/id,11,0,0
1710432499784,12,Delete Hero,200,OK,Thread Group 1-58,text,true,,249,215,32,32,http://localhost:3001/character/id,12,0,0
1710432499786,12,Create New Hero,200,OK,Thread Group 1-61,text,true,,235,230,31,31,http://localhost:3001/character,12,0,0
1710432499789,9,Get Hero by ID,200,OK,Thread Group 1-63,text,true,,192,129,31,31,http://localhost:3001/character/id,9,0,0
1710432499779,21,Create New Hero,200,OK,Thread Group 1-60,text,true,,235,230,31,31,http://localhost:3001/character,21,0,0
1710432499781,23,Get Hero by ID,200,OK,Thread Group 1-62,text,true,,192,129,31,31,http://localhost:3001/character/id,23,0,0
1710432499798,6,Change Hero,200,OK,Thread Group 1-61,,true,,145,232,31,31,http://localhost:3001/character/id,6,0,0
1710432499540,265,Get all Heroes,200,OK,Thread Group 1-65,text,true,,251,127,31,31,http://localhost:3001/characters,265,0,2
1710432499526,280,Get all Heroes,200,OK,Thread Group 1-64,text,true,,251,127,31,31,http://localhost:3001/characters,280,0,1
1710432499799,9,Create New Hero,200,OK,Thread Group 1-63,text,true,,235,231,32,32,http://localhost:3001/character,9,0,0
1710432499546,262,Get all Heroes,200,OK,Thread Group 1-66,text,true,,254,127,32,32,http://localhost:3001/characters,262,0,1
1710432499555,256,Get all Heroes,200,OK,Thread Group 1-67,text,true,,254,127,32,32,http://localhost:3001/characters,256,0,2
1710432499800,11,Change Hero,200,OK,Thread Group 1-60,,true,,145,233,32,32,http://localhost:3001/character/id,11,0,0
1710432499805,7,Get Hero by ID,200,OK,Thread Group 1-65,text,true,,192,129,32,32,http://localhost:3001/character/id,7,0,0
1710432499807,6,Get Hero by ID,200,OK,Thread Group 1-64,text,true,,192,129,32,32,http://localhost:3001/character/id,6,0,0
1710432499805,10,Delete Hero,200,OK,Thread Group 1-61,text,true,,249,215,32,32,http://localhost:3001/character/id,10,0,0
1710432499805,11,Create New Hero,200,OK,Thread Group 1-62,text,true,,235,231,31,31,http://localhost:3001/character,11,0,0
1710432499566,252,Get all Heroes,200,OK,Thread Group 1-68,text,true,,254,127,31,31,http://localhost:3001/characters,252,0,2
1710432499813,7,Create New Hero,200,OK,Thread Group 1-65,text,true,,235,230,31,31,http://localhost:3001/character,7,0,0
1710432499813,8,Create New Hero,200,OK,Thread Group 1-64,text,true,,235,230,31,31,http://localhost:3001/character,8,0,0
1710432499816,6,Change Hero,200,OK,Thread Group 1-62,,true,,145,232,31,31,http://localhost:3001/character/id,6,0,0
1710432499811,13,Delete Hero,200,OK,Thread Group 1-60,text,true,,249,215,31,31,http://localhost:3001/character/id,13,0,0
1710432499808,17,Get Hero by ID,200,OK,Thread Group 1-66,text,true,,192,129,30,30,http://localhost:3001/character/id,17,0,0
1710432499808,18,Change Hero,200,OK,Thread Group 1-63,,true,,145,232,30,30,http://localhost:3001/character/id,18,0,0
1710432499811,17,Get Hero by ID,200,OK,Thread Group 1-67,text,true,,192,129,31,31,http://localhost:3001/character/id,17,0,0
1710432499578,253,Get all Heroes,200,OK,Thread Group 1-69,text,true,,257,127,31,31,http://localhost:3001/characters,253,0,1
1710432499820,13,Change Hero,200,OK,Thread Group 1-65,,true,,145,232,31,31,http://localhost:3001/character/id,13,0,0
1710432499822,14,Change Hero,200,OK,Thread Group 1-64,,true,,145,232,31,31,http://localhost:3001/character/id,14,0,0
1710432499823,15,Delete Hero,200,OK,Thread Group 1-62,text,true,,249,215,32,32,http://localhost:3001/character/id,15,0,0
1710432499826,15,Create New Hero,200,OK,Thread Group 1-66,text,true,,235,230,32,32,http://localhost:3001/character,15,0,0
1710432499827,16,Delete Hero,200,OK,Thread Group 1-63,text,true,,249,215,32,32,http://localhost:3001/character/id,16,0,0
1710432499828,16,Create New Hero,200,OK,Thread Group 1-67,text,true,,235,230,31,31,http://localhost:3001/character,16,0,0
1710432499818,27,Get Hero by ID,200,OK,Thread Group 1-68,text,true,,192,129,31,31,http://localhost:3001/character/id,27,0,0
1710432499585,262,Get all Heroes,200,OK,Thread Group 1-70,text,true,,257,127,31,31,http://localhost:3001/characters,261,0,2
1710432499834,14,Delete Hero,200,OK,Thread Group 1-65,text,true,,249,215,31,31,http://localhost:3001/character/id,14,0,0
1710432499841,10,Change Hero,200,OK,Thread Group 1-66,,true,,145,233,31,31,http://localhost:3001/character/id,10,0,0
1710432499836,15,Delete Hero,200,OK,Thread Group 1-64,text,true,,249,215,31,31,http://localhost:3001/character/id,15,0,0
1710432499831,23,Get Hero by ID,200,OK,Thread Group 1-69,text,true,,192,129,30,30,http://localhost:3001/character/id,23,0,0
1710432499596,259,Get all Heroes,200,OK,Thread Group 1-71,text,true,,251,127,30,30,http://localhost:3001/characters,259,0,1
1710432499851,7,Delete Hero,200,OK,Thread Group 1-66,text,true,,249,215,30,30,http://localhost:3001/character/id,7,0,0
1710432499854,6,Create New Hero,200,OK,Thread Group 1-69,text,true,,235,230,29,29,http://localhost:3001/character,6,0,0
1710432499845,17,Change Hero,200,OK,Thread Group 1-67,,true,,145,233,29,29,http://localhost:3001/character/id,17,0,0
1710432499845,19,Create New Hero,200,OK,Thread Group 1-68,text,true,,235,230,29,29,http://localhost:3001/character,19,0,0
1710432499847,18,Get Hero by ID,200,OK,Thread Group 1-70,text,true,,192,129,29,29,http://localhost:3001/character/id,18,0,0
1710432499606,259,Get all Heroes,200,OK,Thread Group 1-72,text,true,,254,127,29,29,http://localhost:3001/characters,259,0,2
1710432499860,9,Change Hero,200,OK,Thread Group 1-69,,true,,145,232,29,29,http://localhost:3001/character/id,9,0,0
1710432499863,7,Delete Hero,200,OK,Thread Group 1-67,text,true,,249,215,29,29,http://localhost:3001/character/id,7,0,0
1710432499864,8,Change Hero,200,OK,Thread Group 1-68,,true,,145,232,28,28,http://localhost:3001/character/id,8,0,0
1710432499865,11,Create New Hero,200,OK,Thread Group 1-70,text,true,,235,230,29,29,http://localhost:3001/character,11,0,0
1710432499866,14,Get Hero by ID,200,OK,Thread Group 1-72,text,true,,192,129,30,30,http://localhost:3001/character/id,14,0,0
1710432499856,24,Get Hero by ID,200,OK,Thread Group 1-71,text,true,,192,129,30,30,http://localhost:3001/character/id,24,0,0
1710432499616,264,Get all Heroes,200,OK,Thread Group 1-73,text,true,,254,127,30,30,http://localhost:3001/characters,264,0,5
1710432499869,16,Delete Hero,200,OK,Thread Group 1-69,text,true,,249,215,31,31,http://localhost:3001/character/id,16,0,0
1710432499872,15,Delete Hero,200,OK,Thread Group 1-68,text,true,,249,215,30,30,http://localhost:3001/character/id,15,0,0
1710432499626,263,Get all Heroes,200,OK,Thread Group 1-74,text,true,,247,127,29,29,http://localhost:3001/characters,263,0,1
1710432499877,14,Change Hero,200,OK,Thread Group 1-70,,true,,145,232,29,29,http://localhost:3001/character/id,14,0,0
1710432499881,13,Get Hero by ID,200,OK,Thread Group 1-73,text,true,,192,129,30,30,http://localhost:3001/character/id,13,0,0
1710432499880,15,Create New Hero,200,OK,Thread Group 1-72,text,true,,235,231,30,30,http://localhost:3001/character,15,0,0
1710432499881,14,Create New Hero,200,OK,Thread Group 1-71,text,true,,235,230,30,30,http://localhost:3001/character,14,0,0
1710432499636,261,Get all Heroes,200,OK,Thread Group 1-75,text,true,,254,127,30,30,http://localhost:3001/characters,261,0,1
1710432499890,9,Get Hero by ID,200,OK,Thread Group 1-74,text,true,,192,129,30,30,http://localhost:3001/character/id,9,0,0
1710432499892,7,Delete Hero,200,OK,Thread Group 1-70,text,true,,249,215,30,30,http://localhost:3001/character/id,7,0,0
1710432499665,235,Get all Heroes,200,OK,Thread Group 1-78,text,true,,251,127,29,29,http://localhost:3001/characters,235,0,1
1710432499895,7,Create New Hero,200,OK,Thread Group 1-73,text,true,,235,230,29,29,http://localhost:3001/character,7,0,0
1710432499895,9,Change Hero,200,OK,Thread Group 1-72,,true,,145,232,29,29,http://localhost:3001/character/id,9,0,0
1710432499896,8,Change Hero,200,OK,Thread Group 1-71,,true,,145,232,29,29,http://localhost:3001/character/id,8,0,0
1710432499675,231,Get all Heroes,200,OK,Thread Group 1-79,text,true,,254,127,29,29,http://localhost:3001/characters,231,0,1
1710432499898,10,Get Hero by ID,200,OK,Thread Group 1-75,text,true,,192,129,30,30,http://localhost:3001/character/id,10,0,0
1710432499901,8,Get Hero by ID,200,OK,Thread Group 1-78,text,true,,192,129,30,30,http://localhost:3001/character/id,8,0,0
1710432499899,13,Create New Hero,200,OK,Thread Group 1-74,text,true,,235,230,30,30,http://localhost:3001/character,13,0,0
1710432499673,240,Get all Heroes,200,OK,Thread Group 1-77,text,true,,257,127,30,30,http://localhost:3001/characters,240,0,1
1710432499908,7,Create New Hero,200,OK,Thread Group 1-75,text,true,,235,230,30,30,http://localhost:3001/character,7,0,0
1710432499909,7,Create New Hero,200,OK,Thread Group 1-78,text,true,,235,230,30,30,http://localhost:3001/character,7,0,0
1710432499902,17,Change Hero,200,OK,Thread Group 1-73,,true,,145,233,30,30,http://localhost:3001/character/id,17,0,0
1710432499904,16,Delete Hero,200,OK,Thread Group 1-72,text,true,,249,215,30,30,http://localhost:3001/character/id,16,0,0
1710432499904,17,Delete Hero,200,OK,Thread Group 1-71,text,true,,249,215,29,29,http://localhost:3001/character/id,17,0,0
1710432499906,15,Get Hero by ID,200,OK,Thread Group 1-79,text,true,,192,129,29,29,http://localhost:3001/character/id,15,0,0
1710432499682,240,Get all Heroes,200,OK,Thread Group 1-76,text,true,,257,127,28,28,http://localhost:3001/characters,240,0,1
1710432499916,7,Change Hero,200,OK,Thread Group 1-75,,true,,145,232,28,28,http://localhost:3001/character/id,7,0,0
1710432499917,7,Change Hero,200,OK,Thread Group 1-78,,true,,145,232,28,28,http://localhost:3001/character/id,7,0,0
1710432499919,6,Delete Hero,200,OK,Thread Group 1-73,text,true,,249,215,28,28,http://localhost:3001/character/id,6,0,0
1710432499912,16,Change Hero,200,OK,Thread Group 1-74,,true,,145,232,27,27,http://localhost:3001/character/id,16,0,0
1710432499914,14,Get Hero by ID,200,OK,Thread Group 1-77,text,true,,192,129,27,27,http://localhost:3001/character/id,14,0,0
1710432499702,228,Get all Heroes,200,OK,Thread Group 1-80,text,true,,254,127,27,27,http://localhost:3001/characters,227,0,1
1710432499923,10,Delete Hero,200,OK,Thread Group 1-75,text,true,,249,215,27,27,http://localhost:3001/character/id,9,0,0
1710432499924,10,Delete Hero,200,OK,Thread Group 1-78,text,true,,249,215,26,26,http://localhost:3001/character/id,10,0,0
1710432499928,7,Delete Hero,200,OK,Thread Group 1-74,text,true,,249,215,25,25,http://localhost:3001/character/id,7,0,0
1710432499929,7,Create New Hero,200,OK,Thread Group 1-77,text,true,,235,230,24,24,http://localhost:3001/character,7,0,0
1710432499921,17,Create New Hero,200,OK,Thread Group 1-79,text,true,,235,231,24,24,http://localhost:3001/character,17,0,0
1710432499923,15,Get Hero by ID,200,OK,Thread Group 1-76,text,true,,192,129,24,24,http://localhost:3001/character/id,15,0,0
1710432499707,233,Get all Heroes,200,OK,Thread Group 1-82,text,true,,251,127,24,24,http://localhost:3001/characters,233,0,2
1710432499937,4,Change Hero,200,OK,Thread Group 1-77,,true,,145,232,24,24,http://localhost:3001/character/id,4,0,0
1710432499930,12,Get Hero by ID,200,OK,Thread Group 1-80,text,true,,192,129,24,24,http://localhost:3001/character/id,12,0,0
1710432499715,228,Get all Heroes,200,OK,Thread Group 1-81,text,true,,251,127,24,24,http://localhost:3001/characters,228,0,1
1710432499942,3,Delete Hero,200,OK,Thread Group 1-77,text,true,,249,215,24,24,http://localhost:3001/character/id,3,0,0
1710432499938,8,Change Hero,200,OK,Thread Group 1-79,,true,,145,232,24,24,http://localhost:3001/character/id,8,0,0
1710432499938,8,Create New Hero,200,OK,Thread Group 1-76,text,true,,235,230,23,23,http://localhost:3001/character,8,0,0
1710432499940,8,Get Hero by ID,200,OK,Thread Group 1-82,text,true,,192,129,23,23,http://localhost:3001/character/id,8,0,0
1710432499717,232,Get all Heroes,200,OK,Thread Group 1-83,text,true,,251,127,23,23,http://localhost:3001/characters,232,0,1
1710432499946,4,Delete Hero,200,OK,Thread Group 1-79,text,true,,249,215,23,23,http://localhost:3001/character/id,4,0,0
1710432499947,4,Change Hero,200,OK,Thread Group 1-76,,true,,145,232,23,23,http://localhost:3001/character/id,4,0,0
1710432499942,10,Create New Hero,200,OK,Thread Group 1-80,text,true,,235,230,22,22,http://localhost:3001/character,10,0,0
1710432499944,8,Get Hero by ID,200,OK,Thread Group 1-81,text,true,,192,129,22,22,http://localhost:3001/character/id,8,0,0
1710432499746,210,Get all Heroes,200,OK,Thread Group 1-86,text,true,,251,127,22,22,http://localhost:3001/characters,210,0,2
1710432499951,6,Delete Hero,200,OK,Thread Group 1-76,text,true,,249,215,22,22,http://localhost:3001/character/id,6,0,0
1710432499952,6,Change Hero,200,OK,Thread Group 1-80,,true,,145,232,22,22,http://localhost:3001/character/id,6,0,0
1710432499953,6,Create New Hero,200,OK,Thread Group 1-81,text,true,,235,230,21,21,http://localhost:3001/character,6,0,0
1710432499948,14,Create New Hero,200,OK,Thread Group 1-82,text,true,,235,231,21,21,http://localhost:3001/character,14,0,0
1710432499949,14,Get Hero by ID,200,OK,Thread Group 1-83,text,true,,192,129,21,21,http://localhost:3001/character/id,14,0,0
1710432499752,212,Get all Heroes,200,OK,Thread Group 1-84,text,true,,254,127,21,21,http://localhost:3001/characters,212,0,2
1710432499958,8,Delete Hero,200,OK,Thread Group 1-80,text,true,,249,215,21,21,http://localhost:3001/character/id,8,0,0
1710432499959,7,Change Hero,200,OK,Thread Group 1-81,,true,,145,233,21,21,http://localhost:3001/character/id,7,0,0
1710432499962,8,Change Hero,200,OK,Thread Group 1-82,,true,,145,232,20,20,http://localhost:3001/character/id,8,0,0
1710432499956,14,Get Hero by ID,200,OK,Thread Group 1-86,text,true,,192,129,20,20,http://localhost:3001/character/id,14,0,0
1710432499754,217,Get all Heroes,200,OK,Thread Group 1-87,text,true,,251,127,20,20,http://localhost:3001/characters,217,0,2
1710432499967,6,Delete Hero,200,OK,Thread Group 1-81,text,true,,249,215,20,20,http://localhost:3001/character/id,6,0,0
1710432499963,11,Create New Hero,200,OK,Thread Group 1-83,text,true,,235,230,20,20,http://localhost:3001/character,11,0,0
1710432499965,10,Get Hero by ID,200,OK,Thread Group 1-84,text,true,,192,129,19,19,http://localhost:3001/character/id,10,0,0
1710432499762,214,Get all Heroes,200,OK,Thread Group 1-85,text,true,,251,127,19,19,http://localhost:3001/characters,214,0,2
1710432499974,4,Change Hero,200,OK,Thread Group 1-83,,true,,145,232,19,19,http://localhost:3001/character/id,4,0,0
1710432499970,9,Delete Hero,200,OK,Thread Group 1-82,text,true,,249,215,19,19,http://localhost:3001/character/id,9,0,0
1710432499971,9,Create New Hero,200,OK,Thread Group 1-86,text,true,,235,230,18,18,http://localhost:3001/character,9,0,0
1710432499972,9,Get Hero by ID,200,OK,Thread Group 1-87,text,true,,192,129,18,18,http://localhost:3001/character/id,9,0,0
1710432499787,195,Get all Heroes,200,OK,Thread Group 1-90,text,true,,251,127,18,18,http://localhost:3001/characters,195,0,1
1710432499978,5,Delete Hero,200,OK,Thread Group 1-83,text,true,,249,215,18,18,http://localhost:3001/character/id,5,0,0
1710432499975,9,Create New Hero,200,OK,Thread Group 1-84,text,true,,235,230,17,17,http://localhost:3001/character,9,0,0
1710432499977,8,Get Hero by ID,200,OK,Thread Group 1-85,text,true,,192,129,17,17,http://localhost:3001/character/id,8,0,0
1710432499792,195,Get all Heroes,200,OK,Thread Group 1-88,text,true,,251,127,17,17,http://localhost:3001/characters,195,0,1
1710432499984,5,Change Hero,200,OK,Thread Group 1-84,,true,,145,232,17,17,http://localhost:3001/character/id,5,0,0
1710432499985,5,Create New Hero,200,OK,Thread Group 1-85,text,true,,235,230,17,17,http://localhost:3001/character,5,0,0
1710432499981,10,Change Hero,200,OK,Thread Group 1-86,,true,,145,232,17,17,http://localhost:3001/character/id,10,0,0
1710432499981,12,Create New Hero,200,OK,Thread Group 1-87,text,true,,235,231,17,17,http://localhost:3001/character,12,0,0
1710432499982,13,Get Hero by ID,200,OK,Thread Group 1-90,text,true,,192,129,17,17,http://localhost:3001/character/id,13,0,0
1710432499796,200,Get all Heroes,200,OK,Thread Group 1-91,text,true,,257,127,17,17,http://localhost:3001/characters,200,0,1
1710432499990,9,Change Hero,200,OK,Thread Group 1-85,,true,,145,233,17,17,http://localhost:3001/character/id,9,0,0
1710432499989,10,Delete Hero,200,OK,Thread Group 1-84,text,true,,249,215,17,17,http://localhost:3001/character/id,10,0,0
1710432499992,8,Delete Hero,200,OK,Thread Group 1-86,text,true,,249,215,17,17,http://localhost:3001/character/id,8,0,0
1710432499993,9,Change Hero,200,OK,Thread Group 1-87,,true,,145,232,15,15,http://localhost:3001/character/id,9,0,0
1710432499987,16,Get Hero by ID,200,OK,Thread Group 1-88,text,true,,192,129,15,15,http://localhost:3001/character/id,16,0,0
1710432499809,194,Get all Heroes,200,OK,Thread Group 1-89,text,true,,251,127,15,15,http://localhost:3001/characters,194,0,2
1710432500000,6,Delete Hero,200,OK,Thread Group 1-85,text,true,,249,215,15,15,http://localhost:3001/character/id,6,0,0
1710432499995,12,Create New Hero,200,OK,Thread Group 1-90,text,true,,235,230,14,14,http://localhost:3001/character,12,0,0
1710432499997,11,Get Hero by ID,200,OK,Thread Group 1-91,text,true,,192,129,14,14,http://localhost:3001/character/id,11,0,0
1710432499828,182,Get all Heroes,200,OK,Thread Group 1-92,text,true,,251,127,14,14,http://localhost:3001/characters,182,0,1
1710432500008,6,Change Hero,200,OK,Thread Group 1-90,,true,,145,233,14,14,http://localhost:3001/character/id,6,0,0
1710432500008,7,Create New Hero,200,OK,Thread Group 1-91,text,true,,235,231,14,14,http://localhost:3001/character,7,0,0
1710432500010,6,Get Hero by ID,200,OK,Thread Group 1-92,text,true,,192,129,14,14,http://localhost:3001/character/id,6,0,0
1710432500002,16,Delete Hero,200,OK,Thread Group 1-87,text,true,,249,215,14,14,http://localhost:3001/character/id,16,0,0
1710432500003,17,Get Hero by ID,200,OK,Thread Group 1-89,text,true,,192,129,13,13,http://localhost:3001/character/id,17,0,0
1710432500003,19,Create New Hero,200,OK,Thread Group 1-88,text,true,,235,230,13,13,http://localhost:3001/character,19,0,0
1710432499837,186,Get all Heroes,200,OK,Thread Group 1-93,text,true,,254,127,13,13,http://localhost:3001/characters,186,0,1
1710432500014,11,Delete Hero,200,OK,Thread Group 1-90,text,true,,249,215,13,13,http://localhost:3001/character/id,11,0,0
1710432500016,10,Change Hero,200,OK,Thread Group 1-91,,true,,145,232,13,13,http://localhost:3001/character/id,10,0,0
1710432500017,10,Create New Hero,200,OK,Thread Group 1-92,text,true,,235,230,12,12,http://localhost:3001/character,10,0,0
1710432500021,7,Create New Hero,200,OK,Thread Group 1-89,text,true,,235,230,12,12,http://localhost:3001/character,7,0,0
1710432499842,187,Get all Heroes,200,OK,Thread Group 1-94,text,true,,257,127,12,12,http://localhost:3001/characters,187,0,1
1710432500026,6,Delete Hero,200,OK,Thread Group 1-91,text,true,,249,215,12,12,http://localhost:3001/character/id,6,0,0
1710432500027,5,Change Hero,200,OK,Thread Group 1-92,,true,,145,233,12,12,http://localhost:3001/character/id,5,0,0
1710432500029,4,Change Hero,200,OK,Thread Group 1-89,,true,,145,232,11,11,http://localhost:3001/character/id,4,0,0
1710432500022,12,Change Hero,200,OK,Thread Group 1-88,,true,,145,232,11,11,http://localhost:3001/character/id,12,0,0
1710432500024,11,Get Hero by ID,200,OK,Thread Group 1-93,text,true,,192,129,11,11,http://localhost:3001/character/id,11,0,0
1710432499850,186,Get all Heroes,200,OK,Thread Group 1-95,text,true,,254,127,11,11,http://localhost:3001/characters,186,0,1
1710432500033,5,Delete Hero,200,OK,Thread Group 1-92,text,true,,249,215,11,11,http://localhost:3001/character/id,5,0,0
1710432500033,6,Delete Hero,200,OK,Thread Group 1-89,text,true,,249,215,10,10,http://localhost:3001/character/id,6,0,0
1710432500034,6,Delete Hero,200,OK,Thread Group 1-88,text,true,,249,215,9,9,http://localhost:3001/character/id,6,0,0
1710432500030,11,Get Hero by ID,200,OK,Thread Group 1-94,text,true,,192,129,8,8,http://localhost:3001/character/id,11,0,0
1710432499874,168,Get all Heroes,200,OK,Thread Group 1-96,text,true,,244,127,8,8,http://localhost:3001/characters,168,0,1
1710432500035,10,Create New Hero,200,OK,Thread Group 1-93,text,true,,235,231,8,8,http://localhost:3001/character,10,0,0
1710432500037,9,Get Hero by ID,200,OK,Thread Group 1-95,text,true,,192,129,8,8,http://localhost:3001/character/id,9,0,0
1710432499878,169,Get all Heroes,200,OK,Thread Group 1-98,text,true,,247,127,8,8,http://localhost:3001/characters,169,0,4
1710432500045,5,Change Hero,200,OK,Thread Group 1-93,,true,,145,233,8,8,http://localhost:3001/character/id,5,0,0
1710432500046,6,Create New Hero,200,OK,Thread Group 1-95,text,true,,235,230,8,8,http://localhost:3001/character,6,0,0
1710432500042,12,Create New Hero,200,OK,Thread Group 1-94,text,true,,235,230,8,8,http://localhost:3001/character,12,0,0
1710432500043,12,Get Hero by ID,200,OK,Thread Group 1-96,text,true,,192,129,8,8,http://localhost:3001/character/id,12,0,0
1710432499884,172,Get all Heroes,200,OK,Thread Group 1-97,text,true,,254,127,8,8,http://localhost:3001/characters,172,0,2
1710432500050,8,Delete Hero,200,OK,Thread Group 1-93,text,true,,249,215,8,8,http://localhost:3001/character/id,8,0,0
1710432500052,7,Change Hero,200,OK,Thread Group 1-95,,true,,145,232,7,7,http://localhost:3001/character/id,7,0,0
1710432500054,7,Change Hero,200,OK,Thread Group 1-94,,true,,145,232,7,7,http://localhost:3001/character/id,7,0,0
1710432500048,14,Get Hero by ID,200,OK,Thread Group 1-98,text,true,,192,129,7,7,http://localhost:3001/character/id,14,0,0
1710432499893,170,Get all Heroes,200,OK,Thread Group 1-99,text,true,,251,127,7,7,http://localhost:3001/characters,170,0,3
1710432500060,5,Delete Hero,200,OK,Thread Group 1-95,text,true,,249,215,7,7,http://localhost:3001/character/id,5,0,0
1710432500061,6,Delete Hero,200,OK,Thread Group 1-94,text,true,,249,215,6,6,http://localhost:3001/character/id,6,0,0
1710432500055,13,Create New Hero,200,OK,Thread Group 1-96,text,true,,235,230,5,5,http://localhost:3001/character,13,0,0
1710432500056,14,Get Hero by ID,200,OK,Thread Group 1-97,text,true,,192,129,5,5,http://localhost:3001/character/id,14,0,0
1710432499908,164,Get all Heroes,200,OK,Thread Group 1-100,text,true,,247,127,5,5,http://localhost:3001/characters,164,0,1
1710432500068,5,Change Hero,200,OK,Thread Group 1-96,,true,,145,232,5,5,http://localhost:3001/character/id,5,0,0
1710432500070,5,Create New Hero,200,OK,Thread Group 1-97,text,true,,235,230,5,5,http://localhost:3001/character,5,0,0
1710432500062,14,Create New Hero,200,OK,Thread Group 1-98,text,true,,235,230,5,5,http://localhost:3001/character,14,0,0
1710432500063,14,Get Hero by ID,200,OK,Thread Group 1-99,text,true,,192,129,5,5,http://localhost:3001/character/id,14,0,0
1710432500074,6,Delete Hero,200,OK,Thread Group 1-96,text,true,,249,215,5,5,http://localhost:3001/character/id,6,0,0
1710432500075,6,Change Hero,200,OK,Thread Group 1-97,,true,,145,232,4,4,http://localhost:3001/character/id,6,0,0
1710432500072,10,Get Hero by ID,200,OK,Thread Group 1-100,text,true,,192,129,4,4,http://localhost:3001/character/id,10,0,0
1710432500077,6,Change Hero,200,OK,Thread Group 1-98,,true,,145,232,4,4,http://localhost:3001/character/id,6,0,0
1710432500078,7,Create New Hero,200,OK,Thread Group 1-99,text,true,,235,230,4,4,http://localhost:3001/character,7,0,0
1710432500083,4,Delete Hero,200,OK,Thread Group 1-98,text,true,,249,215,4,4,http://localhost:3001/character/id,4,0,0
1710432500081,7,Delete Hero,200,OK,Thread Group 1-97,text,true,,249,215,3,3,http://localhost:3001/character/id,7,0,0
1710432500082,8,Create New Hero,200,OK,Thread Group 1-100,text,true,,235,230,2,2,http://localhost:3001/character,8,0,0
1710432500086,6,Change Hero,200,OK,Thread Group 1-99,,true,,145,232,2,2,http://localhost:3001/character/id,6,0,0
1710432500092,4,Delete Hero,200,OK,Thread Group 1-99,text,true,,249,215,2,2,http://localhost:3001/character/id,4,0,0
1710432500090,7,Change Hero,200,OK,Thread Group 1-100,,true,,145,232,2,2,http://localhost:3001/character/id,7,0,0
1710432500097,3,Delete Hero,200,OK,Thread Group 1-100,text,true,,249,215,1,1,http://localhost:3001/character/id,3,0,0
